run	implementation	targets	search_targets	params	cfg	lr	wd	drop	ema	sampling	schedule	beta2	pos	tie	mtp_k	mib	val_bpb	val_ppl	train_s	seed	checkpoint_sha256
R0_baseline	model	9830400	9830400	1088256	w128d4-ln-gelu	0.001	0.1	0.0	0.0	with-replacement	baseline	0.999	learned	1	0	4.168	2.071087	79.5289	186.389	17	5bb600b4dc65e8a8fa0eaa6841955b99754bbb61b060fb626d0855940d26206a
ablation_ln_swiglu_s17	student	9830400	9830400	1083136	w128d4-ln-swiglu	0.001	0.1	0.0	0.0	without-replacement	cosine	0.95	learned	1	0	4.146	2.045564	75.3536	95.144	17	1fe3a5610c7c8427f2f091dfef0d9a579a6c5bb40a94d5ce5ad668eb610b1003
ablation_rms_gelu_s17	student	9830400	9830400	1082496	w128d4-rms-gelu	0.001	0.1	0.0	0.0	without-replacement	cosine	0.95	learned	1	0	4.14	2.095283	83.7005	88.616	17	458b03bf8a782bc5e8063ecf2ddf788f74fe20b24544388839fcd2ca3f25b5ce
ablation_rope_s137	student	9830400	9830400	10488640	w320d8-rms-swiglu	0.001	0.1	0.0	0.0	without-replacement	cosine	0.95	rope	1	0	40.033	1.741184	39.6087	399.56	137	93e21ae69d7b98c639b9510d634ce96d5683390b3fbd31ebc5f6b2d3d0b2ccff
ablation_rope_s17	student	9830400	9830400	10488640	w320d8-rms-swiglu	0.001	0.1	0.0	0.0	without-replacement	cosine	0.95	rope	1	0	40.033	1.754858	40.7697	488.089	17	dde7c304f18a9425e1ed27d60769299cbbaefca8f5a067e797ff2efb5b565346
ablation_rope_untied_ema099_s17	student	9830400	9830400	11144000	w320d8-rms-swiglu	0.001	0.1	0.0	0.99	without-replacement	cosine	0.95	rope	0	0	42.533	1.734143	39.0238	363.949	17	b7305de4e0f07f851ee757ddd740a1d0bff710c9ae8f5960a6bf7e45ff6693fd
ablation_rope_untied_mtp1_s17	student	9830400	9830400	11144000	w320d8-rms-swiglu	0.001	0.1	0.0	0.0	without-replacement	cosine	0.95	rope	0	1	42.533	1.739964	39.5067	419.972	17	b5f5fd8412b7acac01cef579c489633c2210e9f99263c8a03b2716a5984c34a1
ablation_rope_untied_s137	student	9830400	9830400	11144000	w320d8-rms-swiglu	0.001	0.1	0.0	0.0	without-replacement	cosine	0.95	rope	0	0	42.533	1.737502	39.3017	404.474	137	d5445773cb1932f1cfc3c2ef578b102e6686f05626073f188ff95db769413a48
ablation_rope_untied_s17	student	9830400	9830400	11144000	w320d8-rms-swiglu	0.001	0.1	0.0	0.0	without-replacement	cosine	0.95	rope	0	0	42.533	1.745039	39.9326	473.875	17	f1aead649cac2573cf5af14ed484f4214df34df39ed48d07a20d51d9d68b7a32
ablation_untied_s17	student	9830400	9830400	11225920	w320d8-rms-swiglu	0.001	0.1	0.0	0.0	without-replacement	cosine	0.95	learned	0	0	42.846	1.786678	43.6051	392.793	17	7dd532bb44524afb520614221c2febed23b075670c79f7cc597846d6386becfe
capacity_w320d10_s17	student	9830400	9830400	13028800	w320d10-rms-swiglu	0.001	0.1	0.0	0.0	without-replacement	cosine	0.95	learned	1	0	49.728	1.872762	52.3037	490.643	17	15a1cb1b6db1baff145cc2513ab8989be4ae3f530f784ac801341fdb221f940f
capacity_w384d8_s17	student	9830400	9830400	15047040	w384d8-rms-swiglu	0.001	0.1	0.0	0.0	without-replacement	cosine	0.95	learned	1	0	57.422	1.829156	47.6999	459.731	17	fe4fecbefab2acba765225979dd6e49bf956189cc4fa59a18af1e94e85b01c5c
drop005_lr1e3_a	student	9830400	9830400	10570560	w320d8-rms-swiglu	0.001	0.1	0.05	0.0	without-replacement	cosine	0.95	learned	1	0	40.345	1.853883	50.2584	343.188	17	0e9b1ce7c31fa4c501a5756dbb29ed5bdacd103b843b813fde5404f539c5e0a8
lr1e3_a	student	9830400	9830400	10570560	w320d8-rms-swiglu	0.001	0.1	0.0	0.0	without-replacement	cosine	0.95	learned	1	0	40.345	1.820432	46.8287	386.726	17	5234bc4717e314e9f711c6c92bb5bc86ccb7b4482cf6e44fd35767901c0d96ae
lr1p25e3_a	student	9830400	9830400	10570560	w320d8-rms-swiglu	0.00125	0.1	0.0	0.0	without-replacement	cosine	0.95	learned	1	0	40.345	1.850677	49.919	335.229	17	bf3c0f7e59ae6275968b999cc7a92f3ee5eb0797450678c56b6521c101d40330
lr2e3_a	student	9830400	9830400	10570560	w320d8-rms-swiglu	0.002	0.1	0.0	0.0	without-replacement	cosine	0.95	learned	1	0	40.345	1.995888	67.8451	403.017	17	3203519732074355c9d0b655ff5282d735498d697a53e0cde3412a745b322c14
lr4e3_a	student	9830400	9830400	10570560	w320d8-rms-swiglu	0.004	0.1	0.0	0.0	without-replacement	cosine	0.95	learned	1	0	40.345	1.972859	64.6228	381.444	17	3d7fd8f6881fefe6b05a26ca8c068aff16c233e6d82dcef8ee65e6846e9df513
lr5e4_a	student	9830400	9830400	10570560	w320d8-rms-swiglu	0.0005	0.1	0.0	0.0	without-replacement	cosine	0.95	learned	1	0	40.345	1.887329	53.9387	370.811	17	15a3cc05ceb715a188175ef51104f44244bb2a8bf05e38de6973b008c6ca174c
lr7p5e4_a	student	9830400	9830400	10570560	w320d8-rms-swiglu	0.00075	0.1	0.0	0.0	without-replacement	cosine	0.95	learned	1	0	40.345	1.826578	47.4408	334.516	17	7275360b280fa92b704e74a83ce6f982e3448495c56743ddca8c064e4b4452a1
recipe_exact_baseline_s17	model	9830400	9830400	1088256	w128d4-ln-gelu	0.001	0.1	0.0	0.0	with-replacement	baseline	0.999	learned	1	0	4.168	2.072376	79.7458	76.951	17	6fbc80522f13bb610e294d800616838bac625e7b6569cbf84353398c033fb2f7
recipe_full_student_s17	model	9830400	9830400	1088256	w128d4-ln-gelu	0.001	0.1	0.0	0.0	without-replacement	cosine	0.95	learned	1	0	4.168	2.098476	84.2671	77.405	17	edfd829dcb24bd0ad0d595ed199412046e880823640e4eab6b031f11f3001dc5
recipe_norepl_beta095_s17	model	9830400	9830400	1088256	w128d4-ln-gelu	0.001	0.1	0.0	0.0	without-replacement	baseline	0.95	learned	1	0	4.168	2.103114	85.097	73.575	17	6a38f0ddbde7b6016ae9f7bcc3d777582771fae1b2ed5ee164c3ffd41352dc79
recipe_norepl_s17	model	9830400	9830400	1088256	w128d4-ln-gelu	0.001	0.1	0.0	0.0	without-replacement	baseline	0.999	learned	1	0	4.168	2.071598	79.6148	75.775	17	870b5bff80d26e1d160d98af295fa6c10f5644d556dec31537dad077d484b613
s0_lr1e3	student	9830400	9830400	1083648	w128d4-ln-gelu	0.001	0.1	0.0	0.0	without-replacement	cosine	0.95	learned	1	0	4.147	2.101695	84.8421	85.827	17	50a3109a89cf230b1ff197e87b5ea00f34175844e5f631590e7439ce8620ab21
s_lr1e3	student	9830400	9830400	1081984	w128d4-rms-swiglu	0.001	0.1	0.0	0.0	without-replacement	cosine	0.95	learned	1	0	4.139	2.040526	74.5556	93.87	17	e04c4c0cf66390a92f920c84b8007bbffe6f7811296fcfcbe441f0c3dd4f6466
s_lr2e3	student	9830400	9830400	1081984	w128d4-rms-swiglu	0.002	0.1	0.0	0.0	without-replacement	cosine	0.95	learned	1	0	4.139	1.953693	62.058	93.427	17	fd0424eee2a93edcd2bae7511e8ca50743b2a1e57d017ea8c4568898ccfe9a9d
wd2e1_lr1e3_a	student	9830400	9830400	10570560	w320d8-rms-swiglu	0.001	0.2	0.0	0.0	without-replacement	cosine	0.95	learned	1	0	40.345	1.820517	46.8371	366.854	17	e715df6f992d10744983614f49a08c816aba08fa1abb80d7e05c781c7c356470
2026-09-25_rope_long_best_seed137	student	19660800	28909568	10488640	w320d8-rms-swiglu	0.001	0.1	0.0	0.0	without-replacement	cosine	0.95	rope	1	0	40.033	1.588095	28.6622	1399.208	137	723b8f6fe2edef1e01987a29ccf2d195945961b12dd37b0fcb5f24c9fff24e68
2026-09-25_rope_long_best_seed17	student	19660800	28909568	10488640	w320d8-rms-swiglu	0.001	0.1	0.0	0.0	without-replacement	cosine	0.95	rope	1	0	40.033	1.600916	29.4493	1435.918	17	4c0a9771444362c9a4cc7f733f83df340181238dab91a3e3199b36de58525039
2026-09-25_rope_long_best_seed233	student	19660800	28909568	10488640	w320d8-rms-swiglu	0.001	0.1	0.0	0.0	without-replacement	cosine	0.95	rope	1	0	40.033	1.611337	30.1049	1348.85	233	dd70d032683a93d5aafb5aaaeecb35403d62fd26ebcc41adc5ac3f4c2b965918
2026-09-23_seed137_final_recipe	student	28909568	28909568	10570560	w320d8-rms-swiglu	0.001	0.1	0.0	0.0	without-replacement	cosine	0.95	learned	1	0	40.345	1.631858	31.439	1092.947	137	48cfecb3ed92d969e08168b49ca8c04978a81bbeefb4be3f8ad75ea9e46de8f9
2026-09-25_rope_long_seed17	student	28909568	28909568	10488640	w320d8-rms-swiglu	0.001	0.1	0.0	0.0	without-replacement	cosine	0.95	rope	1	0	40.033	1.634776	31.6334	1348.454	17	8b9c55aad9d04c36bad080847539fd75364a6414338e86e32aa3242a7d63a30f
a_e8_lr1e3	student	28909568	28909568	10570560	w320d8-rms-swiglu	0.001	0.1	0.0	0.0	without-replacement	cosine	0.95	learned	1	0	40.345	1.622441	30.8196	1143.07	17	ab9ba8b648513530c528ce00345ba1dd8749351c8cf5516dc5ace84f40ad6657
